Datetime (date and time of sample collection),Days since 741001,"Sample Time Window, days","Flow, CFS","SS, mg/L (suspended solids)","TP, mg/L as P","SRP, mg/L, as P","NO23, mg/L as N","TKN, mg/L (Total Kjeldahl nitrogen)","Chloride, mg/L","Sulfate, mg/L","Silica, mg/L","Conductivity, ?mho","Future, NA",Month
10/1/2002 12:00,10227.5,1,880.3,29.4,0.121,0.026,0,1.02,83.2,107.2,1.48,763,,10
10/2/2002 12:00,10228.5,1,864.2,28.3,0.128,0.015,0,1.11,83.7,106.9,1.39,765,,10
10/3/2002 12:00,10229.5,1,435,33.2,0.132,0.018,0,1.22,82.2,102.1,1.02,741,,10
10/4/2002 12:00,10230.5,1,354.4,27.6,0.123,0.021,0,1.15,81,100,1.31,734,,10
10/5/2002 12:00,10231.5,1,635.7,29.7,0.126,0.015,0,1.14,81.3,102.8,1.41,746,,10
10/6/2002 12:00,10232.5,0.833,354.4,30.5,0.125,0.011,0.02,1.16,83.6,108.2,1.37,760,,10
10/7/2002 4:00,10233.17,0.5,301.2,28.1,0.113,0.009,0.03,1.25,83.4,107.5,1.05,772,,10
10/7/2002 12:00,10233.5,0.667,394.5,29.9,0.118,0.012,0,1.14,83.2,107.3,1.1,784,,10
10/8/2002 12:00,10234.5,1,160.8,27.8,0.119,0.012,0.02,1.24,84.8,108.9,0.61,788,,10
10/9/2002 12:00,10235.5,1,301.2,38.9,0.128,0.013,0,1.17,85.2,109.1,1.21,799,,10
10/10/2002 12:00,10236.5,1,261.3,33.6,0.121,0.014,0.03,1.17,87.3,110.7,1.14,801,,10
10/11/2002 12:00,10237.5,1,215.3,31.5,0.123,0.016,0.02,1.16,89.4,112.6,1.14,811,,10
10/12/2002 12:00,10238.5,1,204.4,29.3,0.119,0.016,0.03,1.16,89.7,112.4,1.12,812,,10
10/13/2002 12:00,10239.5,0.833,287.9,29.9,0.119,0.013,0.03,1.11,91.6,114.3,1.14,822,,10
10/14/2002 4:00,10240.17,0.5,327.8,26.7,0.112,0.012,0.03,1.09,91.8,114.6,1.18,833,,10
10/14/2002 12:00,10240.5,0.667,160.8,27.9,0.114,0.017,0.02,1.2,90,111.7,1.01,832,,10
10/15/2002 12:00,10241.5,1,139,28.5,0.119,0.013,0.03,1.18,91.6,113.3,1.08,835,,10
10/17/2002 12:00,10243.5,1,171.7,23.7,0.106,0.011,0.03,1.11,92.8,114,0.59,845,,10
10/18/2002 12:00,10244.5,1,171.7,22.2,0.104,0.009,0.03,1.05,93.8,114.2,0.86,852,,10
10/19/2002 12:00,10245.5,1,301.2,23.9,0.103,0.005,0.03,1.02,91.9,110.8,0.85,850,,10
10/20/2002 12:00,10246.5,0.833,160.8,17.1,0.087,0.003,0.03,0.94,93.6,112,1.02,848,,10
10/21/2002 4:00,10247.17,0.5,193.5,20.3,0.094,0.004,0.07,0.99,94.8,113.1,0.81,847,,10
10/21/2002 12:00,10247.5,0.667,139,-9,0.085,0.003,0.03,0.96,96.6,111.5,1.1,846,,10
10/22/2002 12:00,10248.5,1,171.7,-9,0.087,0.003,0.03,1.07,96.8,111.1,0.99,860,,10
10/23/2002 12:00,10249.5,1,354.4,-9,0.089,0.003,0.03,1.03,98.4,111.4,1.07,854,,10
10/24/2002 12:00,10250.5,1,287.9,-9,0.082,0.004,0.03,1.01,97.4,109.6,1.03,847,,10
10/25/2002 12:00,10251.5,1,237.1,-9,0.079,0.006,0.02,1,97.5,109.6,1.08,848,,10
10/26/2002 12:00,10252.5,1,448.5,-9,0.074,0.004,0.03,1.07,96.7,109.2,1.06,839,,10
10/27/2002 12:00,10253.5,0.833,274.6,-9,0.072,0.003,0.02,0.97,95.4,107.2,1.13,828,,10
10/28/2002 4:00,10254.17,0.5,248,-9,0.071,0.002,0.02,1.11,95.1,106.2,1.2,829,,10
10/28/2002 12:00,10254.5,1.667,204.4,23,0.077,0.001,0,1,94.5,106.4,1.27,832,,10
10/31/2002 12:00,10257.5,2,584.4,11.3,0.066,0.001,0,1.18,96.3,112.9,1.36,850,,10
11/1/2002 12:00,10258.5,1,421.5,10.1,0.062,0.005,0,0.99,97.2,118.4,1.36,864,,11
11/2/2002 12:00,10259.5,1,193.5,10.7,0.055,0.003,0.02,0.94,101,130.8,1.28,892,,11
11/3/2002 12:00,10260.5,0.833,118.5,8.7,0.045,0.002,0,0.9,100.7,129.4,1.45,891,,11
11/4/2002 4:00,10261.17,0.5,160.8,9.4,0.047,0.002,0.02,0.91,101.1,130.3,1.53,893,,11
11/4/2002 12:00,10261.5,0.667,237.1,7.1,0.053,0.001,0.02,0.94,92.7,119.4,1.11,894,,11
11/5/2002 12:00,10262.5,1,160.8,6.8,0.054,0.001,0,0.93,93.4,120,1.13,900,,11
11/6/2002 12:00,10263.5,1,448.5,7,0.053,0.002,0,0.87,93.9,120.1,1.09,895,,11
11/7/2002 12:00,10264.5,1,502.5,5.9,0.054,0.001,0.02,0.95,94.2,121,1.16,896,,11
11/8/2002 12:00,10265.5,1,381,16.2,0.066,0.001,0.02,1.01,95.1,122.3,1.11,898,,11
11/9/2002 12:00,10266.5,1,226.2,11.4,0.061,0.002,0,0.96,95.2,121,1.23,888,,11
11/10/2002 12:00,10267.5,0.833,394.5,16.7,0.068,0.002,0,1.06,94.3,120.4,1.05,887,,11
11/11/2002 4:00,10268.17,0.5,745,18.6,0.08,0.003,0.02,1.12,92.4,117.7,1.21,869,,11
11/11/2002 12:00,10268.5,0.667,832,21.8,0.078,0.005,0,0.97,99.8,125.6,1.38,875,,11
11/12/2002 12:00,10269.5,1,2346,19.3,0.088,0.004,0.21,1.04,101.1,130.2,1.86,897,,11
11/13/2002 12:00,10270.5,1,3344,22.2,0.102,0.004,1.73,1.31,98.1,127.1,2.16,900,,11
11/14/2002 12:00,10271.5,1,2430,23.7,0.12,0.004,1.46,1.42,105.1,117.9,1.96,913,,11
11/15/2002 12:00,10272.5,1,1724,18.9,0.106,0.008,1.71,1.21,98.5,115.5,2.11,908,,11
11/16/2002 12:00,10273.5,1,1303,10.7,0.086,0.008,2.06,1.09,96.2,118,2.78,911,,11
11/17/2002 12:00,10274.5,0.833,1028.4,12.2,0.112,0.029,2.08,1.07,81.9,97,3.45,817,,11
11/18/2002 4:00,10275.17,0.5,944.7,12.3,0.146,0.048,2.2,1.11,72,89.4,4.22,749,,11
11/18/2002 12:00,10275.5,0.667,864.2,13.4,0.15,0.074,2.34,1.1,71.1,91,4.19,735,,11
11/19/2002 12:00,10276.5,1,848.1,11.6,0.154,0.082,2.5,1.11,72.9,95.8,4.28,745,,11
11/20/2002 12:00,10277.5,1,832,10.6,0.142,0.078,2.53,1.08,79.4,107.9,4.1,792,,11
11/21/2002 12:00,10278.5,1,701.5,10.3,0.121,0.061,2.4,1.06,89.5,122.3,4.17,856,,11
11/22/2002 12:00,10279.5,1,1134.6,11.1,0.105,0.046,2.47,1.03,94.5,130.4,4.03,889,,11
11/23/2002 12:00,10280.5,1,993,6.9,0.103,0.053,2.53,1,100.6,138.6,3.95,935,,11
11/24/2002 12:00,10281.5,0.833,1063.8,6.6,0.111,0.058,2.98,0.99,99.7,136.4,4.47,932,,11
11/25/2002 4:00,10282.17,0.5,1099.2,8.6,0.108,0.057,3.56,0.9,99.9,145.3,4.47,962,,11
11/25/2002 12:00,10282.5,0.667,1152.3,8.1,0.104,0.055,4.73,0.95,112.3,162.1,4.75,950,,11
11/26/2002 12:00,10283.5,1,1528,8.7,0.103,0.056,7.59,0.86,97.2,145.9,5.34,903,,11
11/27/2002 12:00,10284.5,1,1570,9.1,0.11,0.059,9.78,0.93,88.7,132.4,5.82,866,,11
11/28/2002 12:00,10285.5,1,1423,8.3,0.121,0.065,8.35,0.95,86.2,125.4,5.79,833,,11
11/29/2002 12:00,10286.5,1,1099.2,17.5,0.141,0.07,8.41,0.98,78.2,118,5.95,796,,11
11/30/2002 12:00,10287.5,1,716,10.1,0.147,0.078,8.82,1.01,76.1,112,6.18,783,,11
12/1/2002 12:00,10288.5,0.833,774,8.2,0.141,0.077,9.6,0.88,77.4,111.8,6.12,801,,12
12/2/2002 4:00,10289.17,0.5,864.2,8.4,0.135,0.073,9.78,0.86,79.7,115.8,6.16,818,,12
12/2/2002 12:00,10289.5,0.667,817.5,9.2,0.128,0.067,8.39,1.04,69.5,100.7,6.53,818,,12
12/3/2002 12:00,10290.5,1,1402,9.8,0.126,0.072,8.45,1.05,67.8,99.8,6.67,818,,12
12/4/2002 12:00,10291.5,1,976.9,9.6,0.129,0.077,8.02,1.14,68.3,99,6.64,817,,12
12/5/2002 12:00,10292.5,1,944.7,8.7,0.133,0.079,7.5,1.12,67.4,95.7,6.51,808,,12
12/6/2002 12:00,10293.5,1,730.5,-9,0.129,0.077,7.48,1.08,68.7,96.8,6.66,805,,12
12/7/2002 12:00,10294.5,1,817.5,7.6,0.125,0.071,7.19,1.03,67.1,98.4,6.33,809,,12
12/8/2002 12:00,10295.5,0.833,394.5,8.3,0.124,0.069,6.95,1.1,67.5,99,6.13,811,,12
12/9/2002 4:00,10296.17,0.5,435,7.6,0.121,0.068,6.89,1.08,69.3,101.1,6.14,816,,12
12/9/2002 12:00,10296.5,0.667,516,8.1,0.097,0.064,7.86,1.17,78.7,114,6.41,822,,12
12/10/2002 12:00,10297.5,1,550.2,7.6,0.089,0.057,8,1.12,81,118,6.01,833,,12
12/11/2002 12:00,10298.5,1,618.6,7,0.084,0.051,8.03,1.09,82.6,120.9,5.33,844,,12
12/12/2002 12:00,10299.5,1,502.5,6.4,0.077,0.042,7.95,1.01,85.2,126.3,5.34,859,,12
12/13/2002 12:00,10300.5,1,367.7,6.5,0.079,0.042,7.83,0.97,86.6,129.4,5.64,867,,12
12/14/2002 12:00,10301.5,1,421.5,6.5,0.077,0.038,7.76,0.94,89.5,131.4,5.41,878,,12
12/15/2002 12:00,10302.5,0.833,367.7,7.1,0.075,0.034,7.61,1.02,89.4,131.8,5.34,877,,12
12/16/2002 4:00,10303.17,0.5,367.7,6,0.076,0.029,7.36,0.93,89.1,130.4,5.24,874,,12
12/16/2002 12:00,10303.5,0.667,367.7,4.9,0.082,0.048,6.56,1.02,80.1,117.9,4.01,885,,12
12/17/2002 12:00,10304.5,1,567.3,6.5,0.082,0.04,6.21,1.05,81.2,117.8,3.55,894,,12
12/18/2002 12:00,10305.5,1,567.3,4.6,0.088,0.035,5.71,1.13,83.6,124.5,3.12,919,,12
12/19/2002 12:00,10306.5,1,928.6,9.5,0.095,0.033,6.32,1.08,80.3,119.5,3.3,896,,12
12/20/2002 12:00,10307.5,1,6669,14.9,0.437,0.076,17.18,2.13,53.1,75.1,6.27,729,,12
12/21/2002 12:00,10308.5,1,9725,206.2,0.293,0.071,15.34,1.47,55.1,71.7,5.99,754,,12
12/22/2002 12:00,10309.5,1,10448,97.1,0.335,0.092,13.11,1.8,69.2,101.6,4.93,810,,12
12/23/2002 12:00,10310.5,1,7228,135.6,0.328,0.096,16.51,1.95,60.3,77.8,6.1,742,,12
12/24/2002 12:00,10311.5,1,2860,118.9,0.255,0.077,15.64,1.85,65.6,76.9,6.4,772,,12
12/25/2002 12:00,10312.5,1,2744,53.9,0.24,0.074,14.63,1.57,66.9,77.4,6.42,770,,12
12/26/2002 12:00,10313.5,1,2065,66.5,0.221,0.078,14.42,1.6,63.9,73.9,6.31,749,,12
12/27/2002 12:00,10314.5,1,2015,41.9,0.226,0.086,15.22,1.33,57.2,67.5,6.7,710,,12
12/28/2002 12:00,10315.5,1,1815,38.9,0.23,0.087,16.12,1.59,54.5,65.9,6.9,691,,12
12/29/2002 12:00,10316.5,1,1063.8,51.8,0.229,0.091,16.36,1.62,51.8,62,7.05,686,,12
12/30/2002 12:00,10317.5,1,944.7,31,0.223,0.093,16.93,1.4,50.7,61.3,7.1,681,,12
12/31/2002 12:00,10318.5,1,5362,26.5,0.284,0.087,15.95,1.4,46.5,57.5,6.57,660,,12
1/1/2003 12:00,10319.5,1,18980,115,0.454,0.093,15.67,1.89,36.2,46.7,6.91,593,,1
1/2/2003 12:00,10320.5,1,18500,188.2,0.534,0.094,13.38,1.74,39,52.1,6.48,574,,1
1/3/2003 12:00,10321.5,1,14720,228.4,0.445,0.085,13.17,1.86,45.3,52.7,6.72,599,,1
1/4/2003 12:00,10322.5,1,8406,236.6,0.319,0.093,12.83,1.29,39.9,50.3,6.78,571,,1
1/5/2003 12:00,10323.5,1,6260,79.3,0.299,0.106,12.64,1.57,37.7,47.2,6.88,558,,1
1/6/2003 12:00,10324.5,0.667,3930,48.4,0.314,0.113,12.7,1.52,36.5,47.1,6.87,556,,1
1/6/2003 20:00,10324.83,0.667,3522,43.8,0.269,0.099,13.47,1.77,39.7,51.2,7.71,563,,1
1/7/2003 20:00,10325.83,1,3373,47.1,0.283,0.099,13.45,1.49,40.7,52.3,7.81,570,,1
1/8/2003 20:00,10326.83,1,2984,40.9,0.265,0.104,13.32,1.43,42.6,57.6,8.01,596,,1
1/9/2003 20:00,10327.83,1,2744,29.7,0.232,0.091,13.19,1.45,47.9,62.7,7.86,630,,1
1/10/2003 20:00,10328.83,1,3077,34,0.205,0.082,13.3,1.23,52.5,76.2,8.14,695,,1
1/11/2003 20:00,10329.83,1,5744,31.4,0.204,0.086,14.43,1.21,50.1,67.7,8.29,677,,1
1/12/2003 20:00,10330.83,0.667,5399,24.2,0.186,0.091,14.41,1.2,52.2,68.5,8.25,700,,1
1/13/2003 4:00,10331.17,0.333,4960,19,0.177,0.092,14.2,1.23,54.7,70,8.25,714,,1
1/13/2003 12:00,10331.5,0.667,6882,29.4,0.151,0.085,13.83,0.94,59,72.2,8.03,738,,1
1/14/2003 12:00,10332.5,1,3257,12.9,0.134,0.079,14.17,0.99,67.1,89.2,7.82,791,,1
1/15/2003 12:00,10333.5,1,3015,11,0.12,0.077,12.92,1.15,72.8,94.9,7.55,851,,1
1/16/2003 12:00,10334.5,1,2115,11.5,0.12,0.084,13.31,1.11,81.8,95.9,7.87,876,,1
1/17/2003 12:00,10335.5,1,1465,10.5,0.116,0.084,13.18,1.12,87.4,95.8,7.85,891,,1
1/18/2003 12:00,10336.5,1,1010.7,10.9,0.126,0.085,12.96,1.05,92.8,95.5,7.78,909,,1
1/19/2003 12:00,10337.5,1,880.3,9.6,0.121,0.083,12.83,1.05,92,99.9,7.61,922,,1
1/20/2003 12:00,10338.5,0.833,1046.1,5.5,0.118,0.085,12.44,1.12,92.6,101.5,7.76,945,,1
1/21/2003 4:00,10339.17,0.5,1189,6.2,0.12,0.086,12.31,0.95,93.6,101.4,7.85,937,,1
1/21/2003 12:00,10339.5,0.667,1152.3,-9,0.116,0.073,12.93,0.82,97.4,105.6,7.39,927,,1
1/22/2003 12:00,10340.5,1,993,6.5,0.124,0.087,13.15,1.01,93.4,100.5,7.22,908,,1
1/23/2003 12:00,10341.5,1,803,7.2,0.129,0.092,13.71,1.11,91.4,97.6,7.33,894,,1
1/24/2003 12:00,10342.5,1,817.5,6.9,0.13,0.091,13.91,1.08,88.1,94.5,7.02,883,,1
1/25/2003 12:00,10343.5,1,2015,5.2,0.129,0.091,-9,1.03,-9,-9,7.17,872,,1
1/26/2003 12:00,10344.5,1,2984,5.9,0.131,0.093,11.37,0.95,70.3,81.1,7.15,867,,1
1/27/2003 12:00,10345.5,0.667,5549,5.9,0.127,0.09,11.62,1,69.4,79.5,7.14,849,,1
1/27/2003 20:00,10345.83,0.667,4090,6.2,0.118,0.079,13.52,0.93,79.4,87.3,7.78,844,,1
1/28/2003 20:00,10346.83,1,3373,16,0.122,0.083,13.41,1.16,78.1,84.5,7.98,779,,1
1/29/2003 20:00,10347.83,1,2860,5,0.127,0.086,13.35,1.06,77,83.8,7.67,836,,1
1/30/2003 20:00,10348.83,1,2984,6.3,0.123,0.088,13.23,1.07,75.3,83.5,7.79,833,,1
1/31/2003 20:00,10349.83,1,2065,7.3,0.122,0.084,13.45,1.06,78,86.2,7.88,842,,1
2/1/2003 20:00,10350.83,1,1815,6.1,0.123,0.087,13.2,0.99,75.3,83.3,7.63,834,,2
2/2/2003 20:00,10351.83,0.667,1570,4.9,0.12,0.082,13.04,1,76,85.8,7.69,847,,2
2/3/2003 4:00,10352.17,0.333,1549,10,0.12,0.085,13.02,1.05,77.4,86.6,7.16,849,,2
2/3/2003 12:00,10352.5,0.667,1170,4.8,0.114,0.078,12.89,1.09,72,87.9,7.32,865,,2
2/4/2003 12:00,10353.5,1,1444,6.5,0.124,0.08,12.03,1.19,71.5,85.4,6.52,846,,2
2/5/2003 12:00,10354.5,1,6925,10,0.151,0.099,12.08,1.26,78.8,101.2,7.29,914,,2
2/6/2003 12:00,10355.5,1,4294,22,0.199,0.123,9.47,1.52,74.2,100.5,6.83,880,,2
2/7/2003 12:00,10356.5,1,5940,11.9,0.172,0.111,9.71,1.35,77,107,6.49,909,,2
2/8/2003 12:00,10357.5,1,9878,10.9,0.171,0.104,8.44,1.37,87,118.4,6.01,969,,2
2/9/2003 12:00,10358.5,0.833,4960,19.5,0.467,0.35,6.76,1.71,75.1,105.5,5.57,842,,2
2/10/2003 4:00,10359.17,0.5,3077,17.1,0.39,0.258,5.84,1.72,79.2,116.9,5.22,885,,2
2/10/2003 12:00,10359.5,0.667,2628,18,0.334,0.248,5.82,1.63,89.8,121.4,5.17,905,,2
2/11/2003 12:00,10360.5,1,1636,18.2,0.288,0.168,5.5,1.72,101.8,115.9,4.5,907,,2
2/12/2003 12:00,10361.5,1,1990,15.4,0.27,0.155,5.11,1.78,110,109.5,5.15,921,,2
2/13/2003 12:00,10362.5,1,7404,13.2,0.253,0.149,4.95,1.64,119.1,110.8,5.2,954,,2
2/14/2003 12:00,10363.5,1,6628,11.8,0.246,0.149,4.78,1.55,126.7,109.7,5.05,966,,2
2/15/2003 12:00,10364.5,1,2922,11.7,0.249,0.152,4.33,1.66,124.5,100.2,4.87,924,,2
2/16/2003 12:00,10365.5,0.833,2922,11.2,0.246,0.151,4.37,1.68,120.9,98.3,4.76,911,,2
2/17/2003 4:00,10366.17,0.5,3228,10.1,0.254,0.152,4.37,1.58,116.7,97.2,4.62,892,,2
2/17/2003 12:00,10366.5,0.667,3373,18,0.334,0.248,5.82,1.63,89.8,121.4,5.17,905,,2
2/18/2003 12:00,10367.5,1,4260,18.2,0.288,0.168,5.5,1.72,101.8,115.9,4.5,907,,2
2/19/2003 12:00,10368.5,1,4026,15.4,0.27,0.155,5.11,1.78,110,109.5,5.15,921,,2
2/20/2003 12:00,10369.5,1,3228,13.2,0.253,0.149,4.95,1.64,119.1,110.8,5.2,954,,2
2/21/2003 12:00,10370.5,1,2430,11.8,0.246,0.149,4.78,1.55,126.7,109.7,5.05,966,,2
2/22/2003 12:00,10371.5,0.833,2922,11.7,0.249,0.152,4.33,1.66,124.5,100.2,4.87,924,,2
2/23/2003 4:00,10372.17,0.5,13560,34,0.386,0.242,4.02,1.99,81.6,80.2,4.97,750,,2
2/23/2003 12:00,10372.5,0.333,17020,11.2,0.246,0.151,4.37,1.68,120.9,98.3,4.76,911,,2
2/23/2003 20:00,10372.83,0.333,14450,16.2,0.308,0.204,4.39,1.66,87.4,95.1,5.2,772,,2
2/24/2003 4:00,10373.17,0.333,14900,10.1,0.254,0.152,4.37,1.58,116.7,97.2,4.62,892,,2
2/24/2003 12:00,10373.5,0.333,15860,12.9,0.365,0.267,4.52,1.73,89.8,90,5.79,771,,2
2/24/2003 20:00,10373.83,0.333,10650,17.3,0.314,0.21,4.24,1.52,83.8,81.9,5.98,769,,2
2/25/2003 4:00,10374.17,0.333,12750,16.8,0.301,0.189,4.27,1.5,83.3,83.7,5.32,782,,2
2/25/2003 12:00,10374.5,0.333,18440,24.9,0.314,0.18,4.18,1.74,85.3,87.7,5.29,795,,2
2/25/2003 20:00,10374.83,0.667,16900,20.1,0.277,0.159,4.46,1.49,87.7,79.2,5.67,808,,2
2/26/2003 20:00,10375.83,1,8548,14.8,0.251,0.149,4.56,1.61,85,85.8,5.04,801,,2
2/27/2003 20:00,10376.83,1,5822,19.2,0.288,0.178,4.2,1.73,83.7,89.1,4.79,794,,2
2/28/2003 20:00,10377.83,1,4362,21.4,0.314,0.202,4.35,2.02,89.3,111.2,4.37,871,,2
3/1/2003 20:00,10378.83,1,2802,26.6,0.314,0.181,3.92,2.19,99.5,113.4,3.9,898,,3
3/2/2003 20:00,10379.83,0.667,2542,22.1,0.311,0.192,3.51,1.95,107,104.9,3.95,870,,3
3/3/2003 4:00,10380.17,0.333,4226,21.2,0.308,0.193,3.37,1.87,106.5,99.1,4,866,,3
3/3/2003 12:00,10380.5,0.667,9980,20.5,0.289,0.192,3.4,1.66,111.7,100.9,4.7,865,,3
3/4/2003 12:00,10381.5,1,2190,16.3,0.283,0.167,3.02,1.7,114,85.6,4.14,840,,3
3/5/2003 12:00,10382.5,1,1815,13.6,0.271,0.166,3,1.77,113.5,83.8,4.24,833,,3
3/6/2003 12:00,10383.5,1,1658,12.2,0.26,0.166,2.91,1.73,109.2,80,4.31,809,,3
3/7/2003 12:00,10384.5,1,3228,10.5,0.259,0.162,2.89,1.8,108.2,89.4,5.72,819,,3
3/8/2003 12:00,10385.5,1,6587,15.9,0.284,0.163,2.98,1.83,95.9,79.8,5.28,758,,3
3/9/2003 12:00,10386.5,1,5177,9.8,0.262,0.158,3.28,1.77,86.4,72.5,3.3,716,,3
3/10/2003 12:00,10387.5,1,9225,35.9,0.275,0.148,2.88,1.86,72.2,63.2,3.56,619,,3
3/11/2003 12:00,10388.5,1,13300,40.5,0.282,0.135,2.75,1.93,56.6,44,3.63,503,,3
3/12/2003 12:00,10389.5,1,11700,93.4,0.396,0.143,2.5,1.97,42.4,36,3.6,423,,3
3/13/2003 12:00,10390.5,0.833,16340,79.1,0.383,0.143,2.35,1.87,27.6,27.2,3.47,339,,3
3/14/2003 4:00,10391.17,0.5,27740,116,0.455,0.156,2.03,2.01,20.1,19.1,3.25,268,,3
3/14/2003 12:00,10391.5,0.333,29020,188.7,0.579,0.172,1.99,2.48,17.7,18.4,3.14,264,,3
3/14/2003 20:00,10391.83,0.333,29520,204.8,0.602,0.177,2,2.25,14.9,16.2,3.32,241,,3
3/15/2003 4:00,10392.17,0.333,32580,173.5,0.556,0.175,2.09,2.21,13.8,16.3,3.4,240,,3
3/15/2003 12:00,10392.5,0.333,33060,255.1,0.668,0.161,2.34,2.49,14.9,17.3,3.58,256,,3
3/15/2003 20:00,10392.83,0.333,34180,266.2,0.639,0.16,2.73,2.8,15.7,18.5,3.8,265,,3
3/16/2003 4:00,10393.17,0.333,37080,356,0.731,0.125,3.11,2.9,15.6,18.2,3.23,283,,3
3/16/2003 12:00,10393.5,0.667,35060,498.4,0.859,0.11,3.59,3.06,16,19.4,3.99,298,,3
3/17/2003 12:00,10394.5,0.667,32740,197.8,0.509,0.132,5.51,2.66,16.6,23.7,5.73,343,,3
3/17/2003 20:00,10394.83,0.333,30740,164.2,0.447,0.113,6.11,2.02,17.7,26.9,5.69,364,,3
3/18/2003 4:00,10395.17,0.333,28380,144.2,0.426,0.113,6.59,1.98,19.5,29.1,5.85,380,,3
3/18/2003 12:00,10395.5,0.333,26380,135.7,0.405,0.11,7.23,1.89,20.4,30.1,6.07,400,,3
3/18/2003 20:00,10395.83,0.333,24840,111,0.375,0.116,7.93,1.84,21.4,32.1,6.69,416,,3
3/19/2003 4:00,10396.17,0.333,23000,108.4,0.363,0.124,8.13,1.64,21.7,33.5,6.03,431,,3
3/19/2003 12:00,10396.5,0.667,21180,105.5,0.343,0.13,8.32,1.53,23.4,35,6.13,502,,3
3/20/2003 12:00,10397.5,1,16960,62.5,0.268,0.111,9.42,1.51,26.4,40.5,6.38,487,,3
3/21/2003 12:00,10398.5,1,17080,70.7,0.251,0.089,11.09,1.09,29.6,45.6,6.61,538,,3
3/22/2003 12:00,10399.5,1,16900,58,0.225,0.085,11.44,1.07,29.8,48.8,6.82,563,,3
3/23/2003 12:00,10400.5,0.833,16400,55.8,0.225,0.085,11.5,1.29,37.9,54.1,6.96,596,,3
3/24/2003 4:00,10401.17,0.5,14100,60,0.21,0.079,11.36,1.19,41,57.2,6.89,618,,3
3/24/2003 12:00,10401.5,0.667,12650,70.3,0.199,0.076,11.42,1.4,43.4,57.9,7.49,613,,3
3/25/2003 12:00,10402.5,1,7805,55.2,0.198,0.079,10.91,0.95,40.7,56.7,7.28,604,,3
3/26/2003 12:00,10403.5,1,6669,54.3,0.196,0.086,10.79,1.43,40.3,58.6,7.27,608,,3
3/27/2003 12:00,10404.5,1,5399,33.4,0.169,0.081,10.58,1.39,41,60.9,7,622,,3
3/28/2003 12:00,10405.5,1,4570,77.1,0.195,0.074,10.42,1.46,43.4,65.9,7.08,645,,3
3/29/2003 12:00,10406.5,1,4924,30.6,0.16,0.085,9.79,1.41,47.1,70,6.64,665,,3
3/30/2003 12:00,10407.5,0.833,9029,36.6,0.152,0.071,9.58,1.25,47.9,70.1,6.73,674,,3
3/31/2003 4:00,10408.17,0.5,9521,30.2,0.145,0.068,9.49,1.14,48.5,73.5,6.48,688,,3
3/31/2003 12:00,10408.5,0.667,9421,48.9,0.177,0.072,8.25,1.22,45.9,68.8,6.76,655,,3
4/1/2003 12:00,10409.5,1,7985,66.7,0.189,0.071,8.33,1.17,50.5,68.4,6.36,673,,4
4/2/2003 12:00,10410.5,1,6382,55.2,0.169,0.059,8.07,1.04,52.1,75.2,6.03,697,,4
4/3/2003 12:00,10411.5,1,4605,46.8,0.159,0.059,8.79,1.04,49.2,74.9,5.78,689,,4
4/4/2003 12:00,10412.5,0.667,4058,34.4,0.149,0.054,8.73,0.93,48.5,73.9,5.56,683,,4
4/4/2003 20:00,10412.83,0.333,4362,47.4,0.155,0.052,9.12,1.01,48.6,75.5,5.97,681,,4
4/5/2003 4:00,10413.17,0.333,10448,337,0.492,0.068,10.09,2.65,40.3,56.3,6.13,596,,4
4/5/2003 12:00,10413.5,0.333,21510,340,0.508,0.069,11.68,3.15,31.1,45.3,6.44,548,,4
4/5/2003 20:00,10413.83,0.333,28460,369.1,0.557,0.067,11.61,3.26,29.6,43.5,6.8,529,,4
4/6/2003 4:00,10414.17,0.333,32420,372.3,0.548,0.088,10.62,3.24,27.7,41.7,6.73,493,,4
4/6/2003 12:00,10414.5,0.333,34340,481.2,0.638,0.074,10.14,3.44,24.3,39.6,6.39,466,,4
4/6/2003 20:00,10414.83,0.333,33460,453.5,0.63,0.071,10.44,3.69,26.5,40.8,6.44,479,,4
4/7/2003 4:00,10415.17,0.333,32580,380.6,0.55,0.079,9.73,3.05,26.3,39.1,6.69,472,,4
4/7/2003 12:00,10415.5,0.333,30360,321.6,0.572,0.067,9.72,3.15,27.5,40.6,7.06,471,,4
4/7/2003 20:00,10415.83,0.333,29100,276,0.532,0.074,9.57,2.46,26.5,41.6,6.54,487,,4
4/8/2003 4:00,10416.17,0.333,30280,225.5,0.481,0.078,10.32,2.41,26.1,40.6,6.57,488,,4
4/8/2003 12:00,10416.5,0.333,30040,192.6,0.473,0.083,10.54,2.06,24.7,37.9,6.75,478,,4
4/8/2003 20:00,10416.83,0.333,29590,184.2,0.424,0.09,10.62,2.09,24.1,38.7,7.2,474,,4
4/9/2003 4:00,10417.17,0.333,28460,143.5,0.399,0.085,10.74,1.82,24.2,39,6.86,477,,4
4/9/2003 12:00,10417.5,0.333,26960,141.8,0.377,0.081,11.31,1.8,26.5,42.7,7.02,486,,4
4/9/2003 20:00,10417.83,0.333,24560,120.1,0.361,0.083,10.56,2,26.1,41.4,6.94,487,,4
4/10/2003 4:00,10418.17,0.333,22880,107.1,0.32,0.082,10.41,1.61,26.8,42.8,6.84,494,,4
4/10/2003 12:00,10418.5,1.167,20280,119.1,0.309,0.08,10.36,1.3,27,43.4,6.8,501,,4
4/12/2003 12:00,10420.5,1.5,14500,62.1,0.223,0.074,10.65,1.02,29.7,50.7,6.85,543,,4
4/13/2003 12:00,10421.5,0.833,9776,44.2,0.182,0.067,10.33,1.22,32.7,55.8,6.76,576,,4
4/14/2003 4:00,10422.17,0.5,8500,40.5,0.168,0.063,10.29,1.21,32.1,56.6,6.6,582,,4
4/14/2003 12:00,10422.5,0.667,5510,50.4,0.158,0.056,10.84,0.92,33.5,60.5,6.84,594,,4
4/15/2003 12:00,10423.5,1,3315,130.6,0.205,0.053,10.78,1.36,35.4,65,6.43,621,,4
4/16/2003 12:00,10424.5,1,2065,43.4,0.137,0.046,10.26,1.13,37.7,70.9,6,645,,4
4/17/2003 12:00,10425.5,1,2514,74.9,0.147,0.037,9.96,1.05,37.8,72.5,5.86,646,,4
4/18/2003 12:00,10426.5,1,2657,25.6,0.112,0.032,9.57,0.98,38.5,71.7,5.87,648,,4
4/19/2003 12:00,10427.5,1,1768,25.1,0.107,0.023,9.29,0.83,39.5,72.8,5.46,654,,4
4/20/2003 12:00,10428.5,1,1890,57.9,0.132,0.009,8.44,1.14,42.1,75.6,4.2,662,,4
4/21/2003 12:00,10429.5,0.833,1890,30.1,0.103,0.002,7.71,1.19,43.4,77.2,3.32,674,,4
4/22/2003 4:00,10430.17,0.5,1702,20.3,0.095,0.001,7.69,1.26,44,78.1,2.91,677,,4
4/22/2003 12:00,10430.5,0.667,1746,20.6,0.089,0.002,7.52,1.57,42.5,76.7,2.76,687,,4
4/23/2003 12:00,10431.5,1,1360,23.8,0.085,0,7.53,1.25,42.9,77.3,2.02,684,,4
4/24/2003 12:00,10432.5,1,1680,29.3,0.083,0,6.97,1.25,44.5,81.2,1.22,662,,4
4/25/2003 12:00,10433.5,1,1170,25.3,0.076,0,6.48,1.17,45.7,82.6,1.18,662,,4
4/26/2003 12:00,10434.5,1,1208,23,0.069,0,6.38,1.23,46.3,82.9,1.29,679,,4
4/27/2003 12:00,10435.5,0.833,1227,26,0.072,-0.001,6.12,1.22,47.1,87.6,1.28,689,,4
4/28/2003 4:00,10436.17,0.5,1189,31.2,0.075,0,6.04,1.16,48.3,88.1,1.26,679,,4
4/28/2003 12:00,10436.5,0.667,1189,25.8,0.073,0,6.14,1.1,50,92.3,1.25,696,,4
4/29/2003 12:00,10437.5,1,993,18.8,0.066,0,5.9,1.13,51.4,93.1,1.25,700,,4
4/30/2003 12:00,10438.5,1,1099.2,18.6,0.073,-0.001,5.43,1.2,51.7,92.9,1.24,695,,4
5/1/2003 12:00,10439.5,1,1265,21.4,0.087,0,5,1.38,52.9,93.7,1.1,688,,5
5/2/2003 12:00,10440.5,1,2318,23.1,0.087,-0.001,4.74,1.28,53,94.2,1.33,680,,5
5/3/2003 12:00,10441.5,1,5399,96.6,0.212,0,7.3,1.92,46.5,80.2,2.83,650,,5
5/4/2003 12:00,10442.5,0.833,6220,36.3,0.125,0,5.68,1.48,52.5,91.5,2.41,690,,5
5/5/2003 4:00,10443.17,0.5,6669,34.3,0.127,0.004,5.36,1.47,53.5,90,2.26,700,,5
5/5/2003 12:00,10443.5,0.333,9372,205.3,0.35,0.018,7.89,2.03,48.6,78.1,2.9,652,,5
5/5/2003 20:00,10443.83,0.333,31090,286.7,0.513,0.066,10.87,2.44,42,71.6,4.64,634,,5
5/6/2003 4:00,10444.17,0.333,36910,408.7,0.595,0.062,11.02,2.74,36.3,55.1,5.69,567,,5
5/6/2003 12:00,10444.5,0.333,40130,461.5,0.726,0.092,10.6,3.15,24.3,39.3,6.34,460,,5
5/6/2003 20:00,10444.83,0.333,40220,488.6,0.748,0.104,10.41,3.17,20.6,34.7,6.72,429,,5
5/7/2003 4:00,10445.17,0.333,38160,456.3,0.753,0.115,10,2.79,20.2,32.7,6.68,434,,5
5/7/2003 12:00,10445.5,0.333,34180,338.5,0.634,0.119,9.92,2.37,21.8,35.3,6.68,448,,5
5/7/2003 20:00,10445.83,0.333,30040,280.3,0.56,0.115,9.95,2.1,23.5,38.2,6.83,468,,5
5/8/2003 4:00,10446.17,0.333,26800,233.3,0.497,0.119,10.22,2.15,24.2,39.3,6.98,488,,5
5/8/2003 12:00,10446.5,0.333,23860,218.3,0.472,0.113,11,2.19,24.6,39.7,7.09,495,,5
5/8/2003 20:00,10446.83,0.333,18060,175.3,0.426,0.114,11.69,2.06,24.8,40.2,7.48,503,,5
5/9/2003 4:00,10447.17,0.333,16220,147.6,0.398,0.114,11.57,1.95,24.8,40.9,7.46,511,,5
5/9/2003 12:00,10447.5,0.333,20420,242.4,0.469,0.121,11.09,2.1,24.6,39.2,7.4,491,,5
5/9/2003 20:00,10447.83,0.333,38430,275.3,0.554,0.127,11.46,2.29,23,36.5,7.51,482,,5
5/10/2003 4:00,10448.17,0.333,48700,384.4,0.634,0.108,9.57,2.76,19.6,31.5,6.84,437,,5
5/10/2003 12:00,10448.5,0.333,56500,242.4,0.469,0.121,11.09,2.1,24.6,39.2,7.4,491,,5
5/10/2003 20:00,10448.83,0.333,54300,275.3,0.554,0.127,11.46,2.29,23,36.5,7.51,482,,5
5/11/2003 4:00,10449.17,1,47330,384.4,0.634,0.108,9.57,2.76,19.6,31.5,6.84,437,,5
5/12/2003 20:00,10450.83,1,56500,413.3,0.745,0.104,7.32,2.75,14.7,25.6,7.5,353,,5
5/13/2003 4:00,10451.17,0.5,54300,355.6,0.708,0.112,7.13,2.83,14.7,25.6,7.35,355,,5
5/13/2003 20:00,10451.83,0.5,47330,267.8,0.595,0.124,7.4,2.5,16.4,28.4,7.83,370,,5
5/14/2003 4:00,10452.17,0.833,42640,232,0.556,0.12,7.33,2.36,16.7,29.4,7.82,379,,5
5/15/2003 12:00,10453.5,0.833,27740,169,0.475,0.125,7.82,2.18,19.5,34.5,8.35,419,,5
5/15/2003 20:00,10453.83,1.5,24140,144.4,0.427,0.105,7.6,1.82,25.2,45.2,8.43,-9,,5
5/18/2003 12:00,10456.5,1.5,12000,-9,0.313,0.106,7.54,1.47,25,44.9,8.29,-9,,5
5/18/2003 20:00,10456.83,0.333,9776,74.9,0.249,0.104,7.79,1.27,25.8,47.6,8.33,-9,,5
5/19/2003 4:00,10457.17,0.333,7895,49.6,0.207,0.104,8.22,1.1,27.3,51.2,8.44,542,,5
5/19/2003 12:00,10457.5,0.667,7140,45.6,0.184,0.095,7.89,1.13,27.8,50.6,9.02,560,,5
5/20/2003 12:00,10458.5,1,6587,51,0.186,0.097,7.61,1.17,29.4,52.6,8.8,578,,5
5/21/2003 12:00,10459.5,1,5177,62.3,0.189,0.096,7.63,1.08,30,53.4,8.64,588,,5
5/22/2003 12:00,10460.5,1,4535,39.1,0.158,0.085,7.52,1.02,30.6,55.8,8.3,601,,5
5/23/2003 12:00,10461.5,1,3962,29.8,0.143,0.066,7.34,1.03,32.3,59.7,7.98,619,,5
5/24/2003 12:00,10462.5,1,4158,28.9,0.134,0.065,6.99,1.14,33.9,61.3,7.77,620,,5
5/25/2003 12:00,10463.5,1,2599,21.1,0.136,0.065,6.82,1.26,33.9,59.9,7.68,620,,5
5/26/2003 12:00,10464.5,0.833,2290,28.3,0.126,0.053,6.8,1.11,36.2,60.7,7.3,627,,5
5/27/2003 4:00,10465.17,0.5,2190,29.8,0.126,0.031,6.72,1.23,36.5,63.3,6.78,636,,5
5/27/2003 12:00,10465.5,0.667,2115,25,0.126,0.004,6.88,1.13,37.9,66.7,5.92,647,,5
5/28/2003 12:00,10466.5,1,1507,26.6,0.124,0.003,6.88,1.48,39.8,70.3,5.14,665,,5
5/29/2003 12:00,10467.5,1,1528,30.5,0.11,0.002,6.57,1.56,41.2,74.2,3.83,635,,5
5/30/2003 12:00,10468.5,1,1507,32.2,0.102,0.002,5.81,1.6,41.7,75.4,2.44,617,,5
5/31/2003 12:00,10469.5,1,1865,47.5,0.115,0.001,5.9,1.61,42,77.6,1.78,625,,5
6/1/2003 12:00,10470.5,0.833,2090,30.7,0.109,0,7.89,1.23,41.7,76,2.61,651,,6
6/2/2003 4:00,10471.17,0.5,1746,26.8,0.092,0,7.33,1.42,43.7,77,1.98,656,,6
6/2/2003 12:00,10471.5,0.667,1768,24.5,0.08,0.001,6.72,1.41,42.1,75.2,1.98,657,,6
6/3/2003 12:00,10472.5,1,1680,24.5,-9,0.006,5.67,1.52,44.2,78,1.3,660,,6
6/4/2003 12:00,10473.5,1,2165,23.3,-9,0.001,5.05,1.46,44,77.4,1.23,660,,6
6/5/2003 12:00,10474.5,1,1702,19.2,-9,-0.001,4.83,1.43,42.6,76.2,1.28,654,,6
6/6/2003 12:00,10475.5,1,2240,21.7,-9,-0.002,4.84,-9,42.7,77.1,1.37,652,,6
6/7/2003 12:00,10476.5,1,2065,27.4,-9,-0.002,4.05,-9,43.1,77.1,1.22,645,,6
6/8/2003 12:00,10477.5,0.833,1890,24.2,-9,-0.002,3.96,-9,44.9,78,1.25,-9,,6
6/9/2003 4:00,10478.17,0.5,2115,30.3,-9,-0.002,3.9,-9,45.9,79.2,1.09,-9,,6
6/9/2003 12:00,10478.5,0.667,2140,33.8,0.061,0.005,3.91,1.5,45.3,80.8,1.21,666,,6
6/10/2003 12:00,10479.5,1,1341,24.5,0.108,0,3.52,1.69,47.1,80.7,1.06,672,,6
6/11/2003 12:00,10480.5,1,1840,23.7,0.113,-0.001,3.37,1.8,47.1,81.1,0.55,668,,6
6/12/2003 12:00,10481.5,1,2346,29,0.143,-0.002,3.55,1.77,47.5,80,0.79,662,,6
6/13/2003 12:00,10482.5,1,4430,36.5,0.154,-0.001,6.86,1.61,40.4,73.6,2.94,642,,6
6/14/2003 12:00,10483.5,1,8171,38.5,0.142,-0.002,8.97,1.64,44.5,76.5,3.8,704,,6
6/15/2003 12:00,10484.5,0.833,16100,77.5,0.191,0.014,10.65,1.69,39.7,68,3.4,693,,6
6/16/2003 4:00,10485.17,0.5,14300,80.7,0.202,0.054,10.86,1.34,35.8,64.5,5.49,654,,6
6/16/2003 12:00,10485.5,0.667,15020,130.7,0.229,0.057,12.39,1.23,32.9,60.6,6.44,613,,6
6/17/2003 12:00,10486.5,0.833,10032,72.4,0.208,0.068,14.89,1.31,28.9,51,7.38,576,,6
6/18/2003 4:00,10487.17,0.5,20070,123.5,0.307,0.101,13.45,1.31,22.7,38.9,7.5,488,,6
6/18/2003 12:00,10487.5,0.333,16500,198.2,0.409,0.113,13.85,1.83,22.1,41.1,7.51,501,,6
6/18/2003 20:00,10487.83,0.333,19460,337.6,0.549,0.098,11.29,2.13,15.1,29,6.58,392,,6
6/19/2003 4:00,10488.17,0.333,22490,416.6,0.605,0.097,10.26,2.49,14.3,27.6,6.21,373,,6
6/19/2003 12:00,10488.5,0.333,21510,306,0.514,0.102,11.55,2.12,17.8,34.3,7.01,430,,6
6/19/2003 20:00,10488.83,0.333,19760,282.4,0.459,0.092,10.98,1.71,17.1,33.9,6.85,419,,6
6/20/2003 4:00,10489.17,0.333,18260,286.5,0.446,0.091,9.8,1.54,14.6,28.6,6.24,377,,6
6/20/2003 12:00,10489.5,0.333,16850,255.3,0.437,0.084,9.33,1.57,15.8,31,6.13,377,,6
6/20/2003 20:00,10489.83,0.333,13300,184.6,0.372,0.088,9.23,1.38,16.3,31,6.15,390,,6
6/21/2003 4:00,10490.17,0.333,11800,125,0.318,0.095,9.47,1.1,15.4,31,6.44,395,,6
6/21/2003 12:00,10490.5,0.667,11700,126.2,0.32,0.101,9.47,1.35,17,31.8,6.68,401,,6
6/22/2003 12:00,10491.5,0.833,7805,129.2,0.347,0.123,8.36,1.21,16.3,30.4,6.47,386,,6
6/23/2003 4:00,10492.17,0.667,5399,80.5,0.294,0.118,8.91,1.15,17.6,33.4,6.83,411,,6
6/23/2003 20:00,10492.83,0.5,4396,80.6,0.285,0.127,8.83,1.18,18.2,33.7,7.49,419,,6
6/24/2003 4:00,10493.17,0.667,3431,74.9,0.298,0.131,8.78,1.29,18.5,33.6,7.43,425,,6
6/25/2003 4:00,10494.17,1,3170,56.4,0.273,0.134,9.03,1.28,18.8,34.2,7.9,428,,6
6/26/2003 4:00,10495.17,1,2065,54.6,0.272,0.129,8.98,1.43,19.9,38.1,7.83,452,,6
6/27/2003 4:00,10496.17,1,1549,52.9,0.257,0.127,8.39,1.13,20.9,39.9,7.97,643,,6
6/28/2003 4:00,10497.17,1,1381,55.4,0.266,0.127,8.01,1.36,21.4,40.8,7.89,646,,6
6/29/2003 4:00,10498.17,1,1322,56.5,0.252,0.12,8.97,1.21,23.8,50.5,7.75,507,,6
6/30/2003 4:00,10499.17,0.667,1402,51.3,0.253,0.127,8.51,1.18,21.3,40.6,8.09,479,,6
6/30/2003 12:00,10499.5,0.667,1341,57.9,0.256,0.121,8.07,0.99,24.4,40.4,8.18,471,,6
7/1/2003 12:00,10500.5,1,1170,58,0.239,0.121,6.82,1.04,20.6,37.7,7.72,479,,7
7/2/2003 12:00,10501.5,1,1046.1,52,0.214,0.108,6.81,0.98,23.3,40.3,7.61,493,,7
7/3/2003 12:00,10502.5,1,1746,44.8,0.193,0.081,6.25,1.21,22,42.7,7.06,507,,7
7/4/2003 12:00,10503.5,1,4058,50.7,0.181,0.009,5.36,2.11,28.5,50.3,3.53,508,,7
7/5/2003 12:00,10504.5,1,3046,53.9,0.171,0.018,5.71,1.58,31.1,56.3,4.09,555,,7
7/6/2003 12:00,10505.5,0.833,12150,74.4,0.203,0.01,5.28,1.84,43.2,79,3.55,647,,7
7/7/2003 4:00,10506.17,0.5,17990,139.5,0.316,0.056,5.74,1.96,38.4,71.3,5.45,589,,7
7/7/2003 12:00,10506.5,0.333,19400,250.3,0.436,0.092,7.88,1.48,19.5,37.5,7.24,436,,7
7/7/2003 20:00,10506.83,0.333,22560,262.7,0.496,0.105,7.71,2.03,17.1,29.3,7.5,400,,7
7/8/2003 4:00,10507.17,0.333,27440,375.7,0.625,0.114,7.33,1.8,13.2,27.9,7.63,390,,7
7/8/2003 12:00,10507.5,0.333,32580,476.4,0.75,0.116,6.84,2.06,10.7,23.4,7.71,361,,7
7/8/2003 20:00,10507.83,0.333,37400,451.6,0.727,0.118,6.58,2.05,9.8,20.3,7.62,349,,7
7/9/2003 4:00,10508.17,0.333,41860,373.1,0.631,0.109,6.61,1.83,9.2,18.8,7.73,339,,7
7/9/2003 12:00,10508.5,0.333,46000,329.7,0.582,0.104,6.13,1.61,10.1,17.3,7.6,324,,7
7/9/2003 20:00,10508.83,0.333,46700,270.7,0.513,0.107,5.95,1.66,8.5,17.7,7.94,321,,7
7/10/2003 4:00,10509.17,0.333,46300,213.8,0.46,0.107,5.55,1.41,9.1,17.9,7.69,318,,7
7/10/2003 12:00,10509.5,0.667,45430,189.4,0.429,0.119,5.27,1.33,10.1,17.4,8.15,314,,7
7/11/2003 12:00,10510.5,1,39770,127.4,0.35,0.12,4.6,1.13,9,17.8,8.02,317,,7
7/12/2003 12:00,10511.5,1,34100,110.5,0.342,0.135,4.04,1.02,8.5,18.8,7.88,313,,7
7/13/2003 12:00,10512.5,0.833,28860,92.9,0.321,0.137,3.63,1.02,8.8,18.5,7.78,316,,7
7/14/2003 4:00,10513.17,0.5,25540,78,0.313,0.143,3.47,1.06,9.2,18.6,8,317,,7
7/14/2003 12:00,10513.5,0.667,24280,84.1,0.315,0.107,3.14,1.1,11,19.2,8.97,319,,7
7/15/2003 12:00,10514.5,1,18320,71.1,0.319,0.122,3.37,1.23,12.1,20.8,9.05,332,,7
7/16/2003 12:00,10515.5,1,9623,47.4,0.283,0.146,3.1,1.2,13.3,22.5,9.41,338,,7
7/17/2003 12:00,10516.5,1,5666,38.9,0.271,0.136,3.1,1.21,14.2,26.8,9.21,361,,7
7/18/2003 12:00,10517.5,1,2860,43.9,0.286,0.093,2.48,1.28,15.6,26.2,9.04,371,,7
7/19/2003 12:00,10518.5,1,1840,47.4,0.297,0.063,1.83,1.38,14.6,23.5,8.35,371,,7
7/20/2003 12:00,10519.5,0.833,1360,36.5,0.259,0.056,1.77,1.65,14.3,27.9,8.08,381,,7
7/21/2003 4:00,10520.17,0.5,1444,29.2,0.229,0.05,1.68,1.51,15.7,26.4,8.02,389,,7
7/21/2003 12:00,10520.5,0.667,1444,35.6,0.228,0.125,2.05,1.47,17.3,30.6,7.61,404,,7
7/22/2003 12:00,10521.5,0.667,13100,72.4,0.278,0.138,2.1,1.48,21,33.3,8.16,439,,7
7/22/2003 20:00,10521.83,0.333,19460,101.3,0.326,0.081,2.37,1.72,24.2,43.8,7.07,513,,7
7/23/2003 4:00,10522.17,0.333,19220,123.9,0.32,0.08,3.17,1.45,30.6,60.2,7.71,589,,7
7/23/2003 12:00,10522.5,0.333,19160,165,0.397,0.129,2.36,1.32,23.8,41.9,7.29,462,,7
7/23/2003 20:00,10522.83,0.333,18740,133.7,0.382,0.14,2.34,1.24,20.7,35.7,7.43,384,,7
7/24/2003 4:00,10523.17,0.333,18380,126.2,0.37,0.137,2.81,1.21,20.3,31.7,7.88,378,,7
7/24/2003 12:00,10523.5,0.667,16850,117.9,0.364,0.137,2.77,1.14,19.7,32.6,7.7,379,,7
7/25/2003 12:00,10524.5,1,11050,62.8,0.287,0.132,2.59,1.11,19.9,32.5,8.17,406,,7
7/26/2003 12:00,10525.5,1,6300,55.2,0.287,0.124,2.61,1.12,18.5,31.6,8.28,399,,7
7/27/2003 12:00,10526.5,0.833,4888,54.9,0.266,0.134,2.63,1.12,19.2,31.7,8.63,399,,7
7/28/2003 4:00,10527.17,0.5,3739,42.2,0.243,0.131,3,1.05,21.5,34.6,8.44,446,,7
7/28/2003 12:00,10527.5,0.667,4888,48.5,0.226,0.131,3.2,1.12,23.4,36.9,8.97,472,,7
7/29/2003 12:00,10528.5,1,5177,41.9,0.222,0.127,3.22,0.98,22.4,34.9,9,462,,7
7/30/2003 12:00,10529.5,1,5473,44.9,0.224,0.121,3.18,0.98,23,34.8,8.92,468,,7
7/31/2003 12:00,10530.5,1,3802,42.6,0.225,0.119,2.37,1.04,21.7,31.7,8.49,430,,7
8/1/2003 12:00,10531.5,1,2744,36.1,0.222,0.099,2.16,1.14,20.9,32.8,8.06,440,,8
8/2/2003 12:00,10532.5,0.667,5473,56.9,0.239,0.083,2.5,1.19,25.3,35.4,7.96,477,,8
8/2/2003 20:00,10532.83,0.333,8884,67.2,0.251,0.091,3.09,1.22,25.8,39.8,8.16,504,,8
8/3/2003 4:00,10533.17,0.333,16800,86.8,0.256,0.092,3.3,1.17,25,37.4,8.3,508,,8
8/3/2003 12:00,10533.5,0.333,22820,141.8,0.331,0.101,3.13,1.45,25.5,38.9,8.65,503,,8
8/3/2003 20:00,10533.83,0.333,26800,244.6,0.437,0.105,2.74,1.57,19.8,30.9,8.45,432,,8
8/4/2003 4:00,10534.17,0.333,29170,280.9,0.495,0.124,2.76,1.68,15.4,25.9,7.91,386,,8
8/4/2003 12:00,10534.5,0.333,29100,212.1,0.426,0.112,2.82,1.73,13.3,23.7,10.37,373,,8
8/4/2003 20:00,10534.83,0.333,31460,178,0.424,0.143,2.9,2.12,13.6,24.9,8.54,374,,8
8/5/2003 4:00,10535.17,0.333,35140,157.9,0.393,0.14,2.8,1.52,12.8,22.7,8.61,361,,8
8/5/2003 12:00,10535.5,0.333,35620,168.8,0.402,0.136,2.67,1.68,10.5,19,8.41,339,,8
8/5/2003 20:00,10535.83,0.333,33860,149.4,0.388,0.127,2.69,1.47,10.6,19.5,8.78,335,,8
8/6/2003 4:00,10536.17,0.333,30280,119.4,0.355,0.142,2.82,1.46,11,20.8,8.99,346,,8
8/6/2003 12:00,10536.5,0.333,27670,120.8,0.353,0.137,2.61,1.35,11.5,21.7,9.24,357,,8
8/6/2003 20:00,10536.83,0.333,25540,111.6,0.337,0.14,2.53,1.33,12.4,23.6,9.22,368,,8
8/7/2003 4:00,10537.17,0.333,22940,98,0.321,0.137,2.35,1.23,12.9,23.4,9.12,374,,8
8/7/2003 12:00,10537.5,0.667,21060,103,0.334,0.15,2.27,1.07,13.2,23.8,9.08,372,,8
8/8/2003 12:00,10538.5,1,12850,58.2,0.268,0.155,2.2,1.04,14.2,25.6,9.17,385,,8
8/9/2003 12:00,10539.5,1,11450,47.9,0.255,0.126,1.96,1.02,13.5,24.4,8.22,363,,8
8/10/2003 12:00,10540.5,0.833,11150,46,0.251,0.157,1.86,0.99,13.7,25.3,8.35,366,,8
8/11/2003 4:00,10541.17,0.5,6968,39,0.233,0.154,1.95,0.97,15.1,28.4,8.75,396,,8
8/11/2003 12:00,10541.5,0.667,6180,46.5,0.228,0.111,2.2,1.23,17.3,33.4,11.11,411,,8
8/12/2003 12:00,10542.5,1,4090,50.1,0.243,0.115,2.65,1.01,19.5,37.7,9.6,449,,8
8/13/2003 12:00,10543.5,1,2773,44.5,0.232,0.116,2.35,0.95,21.2,39.3,8.76,440,,8
8/14/2003 12:00,10544.5,1,4090,45.5,0.222,0.078,2.24,1.11,21.6,38.4,8.36,460,,8
8/15/2003 12:00,10545.5,1,3646,55.2,0.221,0.068,1.97,1.26,24.4,41.4,8.11,492,,8
8/16/2003 12:00,10546.5,1,2802,46.5,0.216,0.065,2.22,1.26,26.6,48.5,7.7,499,,8
8/17/2003 12:00,10547.5,0.833,1746,57.6,0.22,0.064,2.11,0.99,26.5,50.7,7.85,478,,8
8/18/2003 4:00,10548.17,0.5,1284,37.8,0.189,0.064,1.79,1.07,22.6,41,7.32,472,,8
8/18/2003 12:00,10548.5,0.667,1152.3,50,0.179,0.073,1.56,0.95,20.7,37.5,7.46,474,,8
8/19/2003 12:00,10549.5,1,1134.6,50.4,0.174,0.066,1.38,0.92,21.1,38.9,7.8,481,,8
8/20/2003 12:00,10550.5,1,1081.5,47.5,0.172,0.059,1.26,1.05,21.8,39.7,7.31,484,,8
8/21/2003 12:00,10551.5,1,803,43.4,0.178,0.041,1.02,1.2,22.7,41.5,6.67,483,,8
8/22/2003 12:00,10552.5,1,687,42.1,0.146,0.023,0.72,1.17,23.1,41.5,6.27,443,,8
8/23/2003 12:00,10553.5,1,896.4,34,0.173,0.028,0.61,1.25,23.3,43.1,6.58,464,,8
8/24/2003 12:00,10554.5,0.833,730.5,28.2,0.13,0.025,0.04,1,24.3,44.1,6.18,474,,8
8/25/2003 4:00,10555.17,0.5,550.2,24,0.111,0.02,0.6,0.79,24.4,43.3,6.3,476,,8
8/25/2003 12:00,10555.5,0.667,489,29.2,0.124,0.028,0.72,0.9,31.6,54.4,5.88,482,,8
8/26/2003 12:00,10556.5,1,567.3,33.6,0.132,0.018,0.55,0.96,29.6,57.1,5.35,473,,8
8/27/2003 12:00,10557.5,1,584.4,38.9,0.133,0.007,0.31,1.21,33.8,53.6,5.45,468,,8
8/28/2003 12:00,10558.5,1,817.5,38.3,0.165,0.004,0.43,1.23,32.1,54.2,3.58,450,,8
8/29/2003 12:00,10559.5,1,2290,37.4,0.153,0.005,0,1.21,35.8,56.6,1.45,483,,8
8/30/2003 12:00,10560.5,1,1658,31.7,0.16,0.007,0,1.18,42.3,62.4,1.21,519,,8
8/31/2003 12:00,10561.5,1,960.8,36.3,0.181,0.011,0,1.31,44,64.8,1.26,533,,8
9/1/2003 12:00,10562.5,0.833,1507,35.3,0.182,0.017,0,1.33,44.9,64.6,1.72,537,,9
9/2/2003 4:00,10563.17,0.5,6710,39,0.198,0.047,0.62,1.24,46.1,64.8,2.78,543,,9
9/2/2003 12:00,10563.5,0.667,11550,63.2,0.246,0.062,0.55,1.29,47.7,72.7,4.15,603,,9
9/3/2003 12:00,10564.5,0.667,24840,176.4,0.403,0.099,1.51,2.1,34.3,51.4,7.48,510,,9
9/3/2003 20:00,10564.83,0.333,26030,195.2,0.443,0.107,1.59,1.42,30.2,46.6,8.38,476,,9
9/4/2003 4:00,10565.17,0.333,26240,193.4,0.472,0.111,1.76,1.44,24.9,37.7,8.91,436,,9
9/4/2003 12:00,10565.5,0.333,25890,254.9,0.479,0.116,1.72,1.52,20.1,31.5,9.12,398,,9
9/4/2003 20:00,10565.83,0.333,24490,177.1,0.437,0.121,1.93,1.45,20,31,8.98,372,,9
9/5/2003 4:00,10566.17,0.333,23000,138.6,0.405,0.131,1.79,1.25,17.9,30,9.2,371,,9
9/5/2003 12:00,10566.5,0.667,20560,138.9,0.407,0.132,1.89,1.22,17.2,29.8,9.06,370,,9
9/6/2003 12:00,10567.5,1,10084,59.8,0.295,0.143,1.93,1.19,16.7,28.6,9.86,374,,9
9/7/2003 12:00,10568.5,0.833,8124,53.3,0.272,0.131,1.98,1.06,17.8,30.5,9.86,391,,9
9/8/2003 4:00,10569.17,0.5,6796,37.5,0.252,0.129,2.02,1.11,18.7,32.3,9.71,403,,9
9/8/2003 12:00,10569.5,0.667,6423,40.3,0.231,0.13,1.97,1.16,18.8,29.3,8.77,406,,9
9/9/2003 12:00,10570.5,1,4192,50,0.236,0.136,2.01,1.19,18.7,31.5,8.52,407,,9
9/10/2003 12:00,10571.5,1,3257,39.5,0.23,0.132,1.61,1.26,18.3,29.8,8.52,414,,9
9/11/2003 12:00,10572.5,1,1990,40.9,0.227,0.12,1.55,1.38,19.3,31.1,8.59,420,,9
9/12/2003 12:00,10573.5,1,1549,37.7,0.226,0.112,1.67,1.46,18.4,34,8.21,424,,9
9/13/2003 12:00,10574.5,1,1227,47.3,0.227,0.089,1.54,1.36,21.5,34.1,8.84,429,,9
9/14/2003 12:00,10575.5,0.833,1099.2,41.6,0.22,0.076,1.46,1.42,20.3,31.8,8.78,439,,9
9/15/2003 4:00,10576.17,0.5,993,36.5,0.201,0.084,1.26,1.34,19.8,32.5,8.01,442,,9
9/15/2003 12:00,10576.5,0.667,1046.1,40.3,0.209,0.077,1.48,1.48,22.6,41,8.7,451,,9
9/16/2003 12:00,10577.5,1,848.1,50.9,0.205,0.058,1.32,1.61,25.3,43.6,7.94,459,,9
9/17/2003 12:00,10578.5,1,928.6,29.6,0.17,0.041,1.11,1.48,25.1,41.1,8.45,465,,9
9/18/2003 12:00,10579.5,1,848.1,39.8,0.171,0.022,0.86,1.62,24.7,45.5,6.88,466,,9
9/19/2003 12:00,10580.5,1,944.7,38.8,0.204,0.005,0.59,2.1,25.1,42.7,6.08,453,,9
9/20/2003 12:00,10581.5,1,489,36,0.142,0.005,0.63,1.67,24.8,45.7,6.02,462,,9
9/21/2003 12:00,10582.5,0.833,533.1,39.7,0.143,0.007,0.69,1.5,26.2,44.5,7.1,478,,9
9/22/2003 4:00,10583.17,0.5,550.2,43.3,0.173,0.01,0.75,1.82,26.8,44.2,6.23,491,,9
9/22/2003 12:00,10583.5,0.667,803,35.7,0.153,0.022,0.74,1.56,26.6,45.3,6.61,494,,9
9/23/2003 12:00,10584.5,1,1614,28.4,0.166,0.059,1.03,1.28,28.6,48,7.08,522,,9
9/24/2003 12:00,10585.5,1,3615,35.5,0.155,0.055,0.77,1.45,31.4,52.5,5.98,542,,9
9/25/2003 12:00,10586.5,1,4960,40.3,0.159,0.012,0.57,1.58,39.7,60.1,3.14,552,,9
9/26/2003 12:00,10587.5,1,7448,45.4,0.191,0.004,0.53,1.83,41.5,63.6,4.85,585,,9
9/27/2003 12:00,10588.5,0.667,11850,118.7,0.308,0.063,2,1.82,36.2,53.3,6.58,556,,9
9/27/2003 20:00,10588.83,0.333,18260,109.7,0.311,0.064,2.75,1.48,35.7,61.4,6.94,573,,9
9/28/2003 4:00,10589.17,0.333,25470,203.4,0.439,0.079,3.75,1.71,29.8,44.6,8.02,504,,9
9/28/2003 12:00,10589.5,0.333,27440,283.1,0.511,0.057,3.44,1.77,26.5,43.9,8.1,489,,9
9/28/2003 20:00,10589.83,0.333,27600,308.7,0.541,0.071,3.51,2.22,23.2,39.3,7.53,450,,9
9/29/2003 4:00,10590.17,0.333,26590,262.2,0.52,0.076,3.45,1.98,19.5,32.6,8.86,409,,9
9/29/2003 12:00,10590.5,0.333,24420,213,0.473,0.123,3.31,1.81,18.6,31,7.27,390,,9
9/29/2003 20:00,10590.83,0.333,20820,173.6,0.44,0.117,3.13,1.83,17.3,29,7.34,380,,9
9/30/2003 4:00,10591.17,0.333,18440,154.6,0.427,0.115,3.07,1.69,16.9,28.8,7.82,379,,9
9/30/2003 12:00,10591.5,0.333,15740,139.3,0.411,0.122,3.07,1.59,17.4,29.6,7.95,380,,9
9/30/2003 20:00,10591.83,0.333,14300,119.7,0.393,0.12,3,1.5,17.3,29.8,8.14,379,,9
